"ID","AUTHOR","FILENAME","DATEEXECUTED","ORDEREXECUTED","EXECTYPE","MD5SUM","DESCRIPTION","COMMENTS","TAG","LIQUIBASE","CONTEXTS","LABELS","DEPLOYMENT_ID"
"init-table-1","limit (generated)","db/changelog/initial_schema_table.yaml","2021-09-22T12:20:05.271","1","EXECUTED","8:f7388a0ea76267d6a88107a08467e81f","createTable tableName=NOT_ACL_SID","","","4.4.3","()","","2306004813"
"init-table-2","limit (generated)","db/changelog/initial_schema_table.yaml","2021-09-22T12:20:05.282","2","EXECUTED","8:0a1e7c893dd6842e77de954b24d05154","createTable tableName=NOT_ACL_OBJECT_IDENTITY","","","4.4.3","()","","2306004813"
"init-table-3","limit (generated)","db/changelog/initial_schema_table.yaml","2021-09-22T12:20:05.284","3","EXECUTED","8:1bfe13594ecfcd9ab1f471cc77879793","createTable tableName=NOT_ACL_ENTRY","","","4.4.3","()","","2306004813"
"init-table-4","limit (generated)","db/changelog/initial_schema_table.yaml","2021-09-22T12:20:05.286","4","EXECUTED","8:dda253cd1f3fcfb4527f68febc7118e5","createTable tableName=NOT_ACL_CLASS","","","4.4.3","()","","2306004813"
"init-table-5","limit (generated)","db/changelog/initial_schema_table.yaml","2021-09-22T12:20:05.289","5","EXECUTED","8:cea9b632632b93a2799adca2fba9ff72","createTable tableName=NOT_APLICACIO","","","4.4.3","()","","2306004813"
"init-table-6","limit (generated)","db/changelog/initial_schema_table.yaml","2021-09-22T12:20:05.291","6","EXECUTED","8:6ee777574372bf66780bfc525c77afa1","createTable tableName=NOT_APLICACIO_AUDIT","","","4.4.3","()","","2306004813"
"init-table-7","limit (generated)","db/changelog/initial_schema_table.yaml","2021-09-22T12:20:05.294","7","EXECUTED","8:f173ec1847fbdda79a5d8b550156603f","createTable tableName=NOT_AVIS","","","4.4.3","()","","2306004813"
"init-table-8","limit (generated)","db/changelog/initial_schema_table.yaml","2021-09-22T12:20:05.298","8","EXECUTED","8:6f68ce61a5905dc6632ccafebe452116","createTable tableName=NOT_COLUMNES","","","4.4.3","()","","2306004813"
"init-table-9","limit (generated)","db/changelog/initial_schema_table.yaml","2021-09-22T12:20:05.301","9","EXECUTED","8:770724606da19b71ae1f56b29075b450","createTable tableName=NOT_CONFIG","","","4.4.3","()","","2306004813"
"init-table-10","limit (generated)","db/changelog/initial_schema_table.yaml","2021-09-22T12:20:05.305","10","EXECUTED","8:f57280e6d7d5d0bad9b85ab3c5816c57","createTable tableName=NOT_CONFIG_GROUP","","","4.4.3","()","","2306004813"
"init-table-11","limit (generated)","db/changelog/initial_schema_table.yaml","2021-09-22T12:20:05.308","11","EXECUTED","8:b7fc7934f6d07f71f92180729712d8be","createTable tableName=NOT_CONFIG_TYPE","","","4.4.3","()","","2306004813"
"init-table-12","limit (generated)","db/changelog/initial_schema_table.yaml","2021-09-22T12:20:05.312","12","EXECUTED","8:8aae4c96d3cba4a1af7cfdb3ab8c82e0","createTable tableName=NOT_DOCUMENT","","","4.4.3","()","","2306004813"
"init-table-13","limit (generated)","db/changelog/initial_schema_table.yaml","2021-09-22T12:20:05.316","13","EXECUTED","8:7d6498cdadc9639a11c1370cc9f0290b","createTable tableName=NOT_ENTITAT","","","4.4.3","()","","2306004813"
"init-table-14","limit (generated)","db/changelog/initial_schema_table.yaml","2021-09-22T12:20:05.319","14","EXECUTED","8:317acb5d7ba35adcaea643752da8c024","createTable tableName=NOT_ENTITAT_AUDIT","","","4.4.3","()","","2306004813"
"init-table-15","limit (generated)","db/changelog/initial_schema_table.yaml","2021-09-22T12:20:05.323","15","EXECUTED","8:4bd01dba56d79bd5a0980ad786b0bb23","createTable tableName=NOT_ENTITAT_TIPUS_DOC","","","4.4.3","()","","2306004813"
"init-table-16","limit (generated)","db/changelog/initial_schema_table.yaml","2021-09-22T12:20:05.326","16","EXECUTED","8:c894c6570a8e6408f724b0c298bb2dbc","createTable tableName=NOT_ENTREGA_CIE","","","4.4.3","()","","2306004813"
"init-table-17","limit (generated)","db/changelog/initial_schema_table.yaml","2021-09-22T12:20:05.331","17","EXECUTED","8:fae8e1f39aba976a6486126e8d4eea4f","createTable tableName=NOT_ENTREGA_POSTAL","","","4.4.3","()","","2306004813"
"init-table-18","limit (generated)","db/changelog/initial_schema_table.yaml","2021-09-22T12:20:05.334","18","EXECUTED","8:b1250d6f7ed0ae3dd64be4aa2dae9828","createTable tableName=NOT_FORMATS_FULLA","","","4.4.3","()","","2306004813"
"init-table-19","limit (generated)","db/changelog/initial_schema_table.yaml","2021-09-22T12:20:05.338","19","EXECUTED","8:2067b626152b6811f006a615d548a899","createTable tableName=NOT_FORMATS_SOBRE","","","4.4.3","()","","2306004813"
"init-table-20","limit (generated)","db/changelog/initial_schema_table.yaml","2021-09-22T12:20:05.341","20","EXECUTED","8:f4e055e4c4e3ce6d3b1eaa03e5981337","createTable tableName=NOT_GRUP","","","4.4.3","()","","2306004813"
"init-table-21","limit (generated)","db/changelog/initial_schema_table.yaml","2021-09-22T12:20:05.345","21","EXECUTED","8:72b630163d50c041590880dd2ab4bbd1","createTable tableName=NOT_GRUP_AUDIT","","","4.4.3","()","","2306004813"
"init-table-22","limit (generated)","db/changelog/initial_schema_table.yaml","2021-09-22T12:20:05.349","22","EXECUTED","8:b6e2cbc8169371f6d8bb9a368dcdba3f","createTable tableName=NOT_HIST_ENVIAMENTS","","","4.4.3","()","","2306004813"
"init-table-23","limit (generated)","db/changelog/initial_schema_table.yaml","2021-09-22T12:20:05.353","23","EXECUTED","8:c3fe4b27ada0b4719e6e4786497bc26c","createTable tableName=NOT_HIST_NOTIF","","","4.4.3","()","","2306004813"
"init-table-30","limit (generated)","db/changelog/initial_schema_table.yaml","2021-09-22T12:20:05.356","24","EXECUTED","8:69cbe9a554b85ca1bb20f43662d0717c","createTable tableName=NOT_HIST_ORGAN","","","4.4.3","()","","2306004813"
"init-table-31","limit (generated)","db/changelog/initial_schema_table.yaml","2021-09-22T12:20:05.36","25","EXECUTED","8:f1363f9a302846b99c5cd83c51e1d7cd","createTable tableName=NOT_HIST_PROCEDIMENT","","","4.4.3","()","","2306004813"
"init-table-32","limit (generated)","db/changelog/initial_schema_table.yaml","2021-09-22T12:20:05.364","26","EXECUTED","8:28ac518919de546cd9538c53bd5d6534","createTable tableName=NOT_NOTIFICACIO","","","4.4.3","()","","2306004813"
"init-table-33","limit (generated)","db/changelog/initial_schema_table.yaml","2021-09-22T12:20:05.369","27","EXECUTED","8:abe1c535f336c93a77d08161e9ac29fc","createTable tableName=NOT_NOTIFICACIO_AUDIT","","","4.4.3","()","","2306004813"
"init-table-34","limit (generated)","db/changelog/initial_schema_table.yaml","2021-09-22T12:20:05.373","28","EXECUTED","8:d44b5116c5b584b4230805d48fa4373c","createTable tableName=NOT_NOTIFICACIO_ENV","","","4.4.3","()","","2306004813"
"init-table-35","limit (generated)","db/changelog/initial_schema_table.yaml","2021-09-22T12:20:05.378","29","EXECUTED","8:7af396d1cabf553f80cd3cc190163d92","createTable tableName=NOT_NOTIFICACIO_ENV_AUDIT","","","4.4.3","()","","2306004813"
"init-table-36","limit (generated)","db/changelog/initial_schema_table.yaml","2021-09-22T12:20:05.382","30","EXECUTED","8:c8041d268c7f12e4bb804ddb5a846ba3","createTable tableName=NOT_NOTIFICACIO_ENV_TABLE","","","4.4.3","()","","2306004813"
"init-table-37","limit (generated)","db/changelog/initial_schema_table.yaml","2021-09-22T12:20:05.386","31","EXECUTED","8:c9f59317a0e849adb309b57aac235050","createTable tableName=NOT_NOTIFICACIO_EVENT","","","4.4.3","()","","2306004813"
"init-table-38","limit (generated)","db/changelog/initial_schema_table.yaml","2021-09-22T12:20:05.389","32","EXECUTED","8:9eb46391bb6aa788bf8df8d7df4c8ffa","createTable tableName=NOT_NOTIFICACIO_MASSIVA","","","4.4.3","()","","2306004813"
"init-table-39","limit (generated)","db/changelog/initial_schema_table.yaml","2021-09-22T12:20:05.393","33","EXECUTED","8:e5c060ffc0ccbdc1c883e9a637f6dd6a","createTable tableName=NOT_NOTIFICACIO_TABLE","","","4.4.3","()","","2306004813"
"init-table-40","limit (generated)","db/changelog/initial_schema_table.yaml","2021-09-22T12:20:05.397","34","EXECUTED","8:912bc53366fcb2953d1a8945c5ff8a1a","createTable tableName=NOT_ORGAN_GESTOR","","","4.4.3","()","","2306004813"
"init-table-41","limit (generated)","db/changelog/initial_schema_table.yaml","2021-09-22T12:20:05.401","35","EXECUTED","8:7f8539b0c37382c551c66e137f03b078","createTable tableName=NOT_PAGADOR_CIE","","","4.4.3","()","","2306004813"
"init-table-42","limit (generated)","db/changelog/initial_schema_table.yaml","2021-09-22T12:20:05.405","36","EXECUTED","8:0d35960877c02097294b9178bad26656","createTable tableName=NOT_PAGADOR_POSTAL","","","4.4.3","()","","2306004813"
"init-table-43","limit (generated)","db/changelog/initial_schema_table.yaml","2021-09-22T12:20:05.409","37","EXECUTED","8:605fa593a009b989d3eeb14a79e6130a","createTable tableName=NOT_PERSONA","","","4.4.3","()","","2306004813"
"init-table-44","limit (generated)","db/changelog/initial_schema_table.yaml","2021-09-22T12:20:05.412","38","EXECUTED","8:61b3600b2c47c6b20cf7aea756353f7f","createTable tableName=NOT_PROCEDIMENT","","","4.4.3","()","","2306004813"
"init-table-45","limit (generated)","db/changelog/initial_schema_table.yaml","2021-09-22T12:20:05.416","39","EXECUTED","8:9074b7f82532a5e433cb7d0c6c1ae743","createTable tableName=NOT_PROCEDIMENT_AUDIT","","","4.4.3","()","","2306004813"
"init-table-46","limit (generated)","db/changelog/initial_schema_table.yaml","2021-09-22T12:20:05.42","40","EXECUTED","8:67ce3643e4a9517b9a69147f47f23293","createTable tableName=NOT_PRO_GRUP","","","4.4.3","()","","2306004813"
"init-table-47","limit (generated)","db/changelog/initial_schema_table.yaml","2021-09-22T12:20:05.424","41","EXECUTED","8:2e367bcefa06f60a7701120f7d9e426c","createTable tableName=NOT_PRO_GRUP_AUDIT","","","4.4.3","()","","2306004813"
"init-table-48","limit (generated)","db/changelog/initial_schema_table.yaml","2021-09-22T12:20:05.428","42","EXECUTED","8:198a1977b4bc7e711418d19ac5762392","createTable tableName=NOT_PRO_ORGAN","","","4.4.3","()","","2306004813"
"init-table-49","limit (generated)","db/changelog/initial_schema_table.yaml","2021-09-22T12:20:05.432","43","EXECUTED","8:5d470f7a5b3e17ee37e7e6e8f9173bd9","createTable tableName=NOT_USUARI","","","4.4.3","()","","2306004813"
"init-constraint-1","limit (generated)","db/changelog/initial_schema_constraint.yaml","2021-09-22T12:20:05.436","44","EXECUTED","8:deb0429ad81c235df80c7c1bc6bcd467","addUniqueConstraint constraintName=NOT_ORGAN_GESTOR_UK, tableName=NOT_ORGAN_GESTOR","","","4.4.3","()","","2306004813"
"init-constraint-2","limit (generated)","db/changelog/initial_schema_constraint.yaml","2021-09-22T12:20:05.44","45","EXECUTED","8:d22ed2951400015eb1e20477787a578a","addUniqueConstraint constraintName=NOT_ENTITAT_CODI_UK, tableName=NOT_ENTITAT","","","4.4.3","()","","2306004813"
"init-constraint-3","limit (generated)","db/changelog/initial_schema_constraint.yaml","2021-09-22T12:20:05.444","46","EXECUTED","8:c8b885b3935aefac89330335ba0b8399","addForeignKeyConstraint baseTableName=NOT_APLICACIO, constraintName=NOT_APLICACIO_ENTITAT_FK, referencedTableName=NOT_ENTITAT","","","4.4.3","()","","2306004813"
"init-constraint-4","limit (generated)","db/changelog/initial_schema_constraint.yaml","2021-09-22T12:20:05.448","47","EXECUTED","8:96d9565335542cfc78eb6ba684fd529a","addForeignKeyConstraint baseTableName=NOT_APLICACIO, constraintName=NOT_APLICACIO_USRCREATE_FK, referencedTableName=NOT_USUARI","","","4.4.3","()","","2306004813"
"init-constraint-5","limit (generated)","db/changelog/initial_schema_constraint.yaml","2021-09-22T12:20:05.451","48","EXECUTED","8:af941fb6b644cc21b29c13802f7d822f","addForeignKeyConstraint baseTableName=NOT_APLICACIO, constraintName=NOT_APLICACIO_USRMODIF_FK, referencedTableName=NOT_USUARI","","","4.4.3","()","","2306004813"
"init-constraint-6","limit (generated)","db/changelog/initial_schema_constraint.yaml","2021-09-22T12:20:05.455","49","EXECUTED","8:59a954ee89500b6ffeb09d004f16291b","addForeignKeyConstraint baseTableName=NOT_COLUMNES, constraintName=NOT_COLUMNES_ENTITAT_FK, referencedTableName=NOT_ENTITAT","","","4.4.3","()","","2306004813"
"init-constraint-7","limit (generated)","db/changelog/initial_schema_constraint.yaml","2021-09-22T12:20:05.459","50","EXECUTED","8:903574fd3ac4028cd5c8539b13af2378","addForeignKeyConstraint baseTableName=NOT_COLUMNES, constraintName=NOT_COLUMNES_USRCREATE_FK, referencedTableName=NOT_USUARI","","","4.4.3","()","","2306004813"
"init-constraint-8","limit (generated)","db/changelog/initial_schema_constraint.yaml","2021-09-22T12:20:05.464","51","EXECUTED","8:b7f79e5a562a0a8dd758b66a7582001e","addForeignKeyConstraint baseTableName=NOT_COLUMNES, constraintName=NOT_COLUMNES_USRMODIF_FK, referencedTableName=NOT_USUARI","","","4.4.3","()","","2306004813"
"init-constraint-9","limit (generated)","db/changelog/initial_schema_constraint.yaml","2021-09-22T12:20:05.468","52","EXECUTED","8:7cd35be342472348d42478ff7fc1953b","addForeignKeyConstraint baseTableName=NOT_COLUMNES, constraintName=NOT_COLUMNES_USUARI_FK, referencedTableName=NOT_USUARI","","","4.4.3","()","","2306004813"
"init-constraint-10","limit (generated)","db/changelog/initial_schema_constraint.yaml","2021-09-22T12:20:05.472","53","EXECUTED","8:a1ef6d0aa49cf4a0db0da311d7693bec","addForeignKeyConstraint baseTableName=NOT_CONFIG, constraintName=NOT_CONFIG_GROUP_FK, referencedTableName=NOT_CONFIG_GROUP","","","4.4.3","()","","2306004813"
"init-constraint-11","limit (generated)","db/changelog/initial_schema_constraint.yaml","2021-09-22T12:20:05.476","54","EXECUTED","8:c87b811c369a3232ffdbc24fc13a457e","addForeignKeyConstraint baseTableName=NOT_NOTIFICACIO, constraintName=NOT_DOCUMENT_NOTIFICACIO_FK, referencedTableName=NOT_DOCUMENT","","","4.4.3","()","","2306004813"
"init-constraint-12","limit (generated)","db/changelog/initial_schema_constraint.yaml","2021-09-22T12:20:05.48","55","EXECUTED","8:ca9802b14f935db383b09f044f618f99","addForeignKeyConstraint baseTableName=NOT_DOCUMENT, constraintName=NOT_DOCUMENT_USRCREATE_FK, referencedTableName=NOT_USUARI","","","4.4.3","()","","2306004813"
"init-constraint-13","limit (generated)","db/changelog/initial_schema_constraint.yaml","2021-09-22T12:20:05.485","56","EXECUTED","8:2256ed9c28c1f017dda871297c527409","addForeignKeyConstraint baseTableName=NOT_DOCUMENT, constraintName=NOT_DOCUMENT_USRMODIF_FK, referencedTableName=NOT_USUARI","","","4.4.3","()","","2306004813"
"init-constraint-14","limit (generated)","db/changelog/initial_schema_constraint.yaml","2021-09-22T12:20:05.489","57","EXECUTED","8:3274567c07f00e18833710d40a61d2e3","addForeignKeyConstraint baseTableName=NOT_ENTITAT, constraintName=NOT_ENTITAT_ENTREGA_CIE_FK, referencedTableName=NOT_ENTREGA_CIE","","","4.4.3","()","","2306004813"
"init-constraint-15","limit (generated)","db/changelog/initial_schema_constraint.yaml","2021-09-22T12:20:05.494","58","EXECUTED","8:b5d4f8a458bc47f8f51a7e90026ee985","addForeignKeyConstraint baseTableName=NOT_PROCEDIMENT, constraintName=NOT_ENTITAT_FK, referencedTableName=NOT_ENTITAT","","","4.4.3","()","","2306004813"
"init-constraint-16","limit (generated)","db/changelog/initial_schema_constraint.yaml","2021-09-22T12:20:05.498","59","EXECUTED","8:1d5fb03c4bd6c449b0bceeba84c08ad0","addForeignKeyConstraint baseTableName=NOT_GRUP, constraintName=NOT_ENTITAT_GRUP_FK, referencedTableName=NOT_ENTITAT","","","4.4.3","()","","2306004813"
"init-constraint-17","limit (generated)","db/changelog/initial_schema_constraint.yaml","2021-09-22T12:20:05.503","60","EXECUTED","8:3f9c411d6c2186a35f1299e6bb8c80bd","addForeignKeyConstraint baseTableName=NOT_NOTIFICACIO, constraintName=NOT_ENTITAT_NOTIFICACIO_FK, referencedTableName=NOT_ENTITAT","","","4.4.3","()","","2306004813"
"init-constraint-18","limit (generated)","db/changelog/initial_schema_constraint.yaml","2021-09-22T12:20:05.508","61","EXECUTED","8:8764b1eee17b855558dcbe63e37d476a","addForeignKeyConstraint baseTableName=NOT_ENTITAT_TIPUS_DOC, constraintName=NOT_ENTITAT_TIPUS_DOC_FK, referencedTableName=NOT_ENTITAT","","","4.4.3","()","","2306004813"
"init-constraint-19","limit (generated)","db/changelog/initial_schema_constraint.yaml","2021-09-22T12:20:05.512","62","EXECUTED","8:7d47bbd77240a860597389f7291da029","addForeignKeyConstraint baseTableName=NOT_ENTITAT, constraintName=NOT_ENTITAT_USRCREATE_FK, referencedTableName=NOT_USUARI","","","4.4.3","()","","2306004813"
"init-constraint-20","limit (generated)","db/changelog/initial_schema_constraint.yaml","2021-09-22T12:20:05.517","63","EXECUTED","8:d5542498a25e16bbaaa850c5485210be","addForeignKeyConstraint baseTableName=NOT_ENTITAT, constraintName=NOT_ENTITAT_USRMODIF_FK, referencedTableName=NOT_USUARI","","","4.4.3","()","","2306004813"
"init-constraint-21","limit (generated)","db/changelog/initial_schema_constraint.yaml","2021-09-22T12:20:05.522","64","EXECUTED","8:fe2182a918e7f45b54256939aea2e69e","addForeignKeyConstraint baseTableName=NOT_ENTREGA_CIE, constraintName=NOT_ENTREGA_CIE_CIE_FK, referencedTableName=NOT_PAGADOR_CIE","","","4.4.3","()","","2306004813"
"init-constraint-22","limit (generated)","db/changelog/initial_schema_constraint.yaml","2021-09-22T12:20:05.527","65","EXECUTED","8:c162a2402d2fab1756eda1545754a48b","addForeignKeyConstraint baseTableName=NOT_ENTREGA_CIE, constraintName=NOT_ENTREGA_CIE_OPERADOR_FK, referencedTableName=NOT_PAGADOR_POSTAL","","","4.4.3","()","","2306004813"
"init-constraint-23","limit (generated)","db/changelog/initial_schema_constraint.yaml","2021-09-22T12:20:05.532","66","EXECUTED","8:bbf34e2c769eba4da893cdb51f326383","addForeignKeyConstraint baseTableName=NOT_ENTITAT_TIPUS_DOC, constraintName=NOT_ENTTIPDOC_USRCREATE_FK, referencedTableName=NOT_USUARI","","","4.4.3","()","","2306004813"
"init-constraint-24","limit (generated)","db/changelog/initial_schema_constraint.yaml","2021-09-22T12:20:05.537","67","EXECUTED","8:9754293e1b405338d7d4ea01809dc316","addForeignKeyConstraint baseTableName=NOT_ENTITAT_TIPUS_DOC, constraintName=NOT_ENTTIPDOC_USRMODIF_FK, referencedTableName=NOT_USUARI","","","4.4.3","()","","2306004813"
"init-constraint-25","limit (generated)","db/changelog/initial_schema_constraint.yaml","2021-09-22T12:20:05.541","68","EXECUTED","8:cd50a221c09a12b9b223b6c1f02d89de","addForeignKeyConstraint baseTableName=NOT_FORMATS_FULLA, constraintName=NOT_FORMATFULLA_USRCREATE_FK, referencedTableName=NOT_USUARI","","","4.4.3","()","","2306004813"
"init-constraint-26","limit (generated)","db/changelog/initial_schema_constraint.yaml","2021-09-22T12:20:05.546","69","EXECUTED","8:62915c0e334d0c3480da53435d3b1662","addForeignKeyConstraint baseTableName=NOT_FORMATS_SOBRE, constraintName=NOT_FORMATSOBRE_USRMODIF_FK, referencedTableName=NOT_USUARI","","","4.4.3","()","","2306004813"
"init-constraint-27","limit (generated)","db/changelog/initial_schema_constraint.yaml","2021-09-22T12:20:05.55","70","EXECUTED","8:28652c437348968aa3edb55f461afac1","addForeignKeyConstraint baseTableName=NOT_FORMATS_FULLA, constraintName=NOT_FORMATS_FULLA_FK, referencedTableName=NOT_PAGADOR_CIE","","","4.4.3","()","","2306004813"
"init-constraint-28","limit (generated)","db/changelog/initial_schema_constraint.yaml","2021-09-22T12:20:05.555","71","EXECUTED","8:7bd55f1589bf903e9d51fbe6abd95ca1","addForeignKeyConstraint baseTableName=NOT_FORMATS_SOBRE, constraintName=NOT_FORMATS_SOBRE_FK, referencedTableName=NOT_PAGADOR_CIE","","","4.4.3","()","","2306004813"
"init-constraint-29","limit (generated)","db/changelog/initial_schema_constraint.yaml","2021-09-22T12:20:05.559","72","EXECUTED","8:5b3723458ca390936e1d311a3dedbe46","addForeignKeyConstraint baseTableName=NOT_GRUP, constraintName=NOT_GRUP_ORGAN_FK, referencedTableName=NOT_ORGAN_GESTOR","","","4.4.3","()","","2306004813"
"init-constraint-30","limit (generated)","db/changelog/initial_schema_constraint.yaml","2021-09-22T12:20:05.564","73","EXECUTED","8:bac7f171d2f542ee816ea156b3fe70f9","addForeignKeyConstraint baseTableName=NOT_PRO_GRUP, constraintName=NOT_GRUP_PRO_FK, referencedTableName=NOT_GRUP","","","4.4.3","()","","2306004813"
"init-constraint-31","limit (generated)","db/changelog/initial_schema_constraint.yaml","2021-09-22T12:20:05.568","74","EXECUTED","8:d9b1ca9fdf8767c1e4e14311e5526281","addForeignKeyConstraint baseTableName=NOT_GRUP, constraintName=NOT_GRUP_USRCREATE_FK, referencedTableName=NOT_USUARI","","","4.4.3","()","","2306004813"
"init-constraint-32","limit (generated)","db/changelog/initial_schema_constraint.yaml","2021-09-22T12:20:05.572","75","EXECUTED","8:3582aeb3ffc245605852f684ef0a9f0d","addForeignKeyConstraint baseTableName=NOT_GRUP, constraintName=NOT_GRUP_USRMODIF_FK, referencedTableName=NOT_USUARI","","","4.4.3","()","","2306004813"
"init-constraint-33","limit (generated)","db/changelog/initial_schema_constraint.yaml","2021-09-22T12:20:05.576","76","EXECUTED","8:b4271066db91a73e960c053314ee81da","addForeignKeyConstraint baseTableName=NOT_HIST_ENVIAMENTS, constraintName=NOT_HIST_ENVI_ENTITAT_FK, referencedTableName=NOT_ENTITAT","","","4.4.3","()","","2306004813"
"init-constraint-34","limit (generated)","db/changelog/initial_schema_constraint.yaml","2021-09-22T12:20:05.581","77","EXECUTED","8:5a06d629b801532cf23896d7c90e20ee","addForeignKeyConstraint baseTableName=NOT_HIST_ENVIAMENTS, constraintName=NOT_HIST_ENVI_ORGAN_FK, referencedTableName=NOT_ORGAN_GESTOR","","","4.4.3","()","","2306004813"
"init-constraint-35","limit (generated)","db/changelog/initial_schema_constraint.yaml","2021-09-22T12:20:05.586","78","EXECUTED","8:2aa7edc0e6b896cd957890198a1bbecd","addForeignKeyConstraint baseTableName=NOT_HIST_ENVIAMENTS, constraintName=NOT_HIST_ENVI_PROCEDIMENT_FK, referencedTableName=NOT_PROCEDIMENT","","","4.4.3","()","","2306004813"
"init-constraint-36","limit (generated)","db/changelog/initial_schema_constraint.yaml","2021-09-22T12:20:05.59","79","EXECUTED","8:33f107f306e0f4682f5b4b972eb7e58a","addForeignKeyConstraint baseTableName=NOT_HIST_NOTIF, constraintName=NOT_HIST_NOTIF_ENTITAT_FK, referencedTableName=NOT_ENTITAT","","","4.4.3","()","","2306004813"
"init-constraint-37","limit (generated)","db/changelog/initial_schema_constraint.yaml","2021-09-22T12:20:05.595","80","EXECUTED","8:6d4be59fd24dffe0a6af626a0ab28d07","addForeignKeyConstraint baseTableName=NOT_HIST_NOTIF, constraintName=NOT_HIST_NOTIF_ORGAN_FK, referencedTableName=NOT_ORGAN_GESTOR","","","4.4.3","()","","2306004813"
"init-constraint-38","limit (generated)","db/changelog/initial_schema_constraint.yaml","2021-09-22T12:20:05.599","81","EXECUTED","8:2049cb611fc961628f1a875cecb3215c","addForeignKeyConstraint baseTableName=NOT_HIST_NOTIF, constraintName=NOT_HIST_NOTIF_PROCEDIMENT_FK, referencedTableName=NOT_PROCEDIMENT","","","4.4.3","()","","2306004813"
"init-constraint-39","limit (generated)","db/changelog/initial_schema_constraint.yaml","2021-09-22T12:20:05.604","82","EXECUTED","8:eb541556092a89f50485ac1d8b890728","addForeignKeyConstraint baseTableName=NOT_HIST_ORGAN, constraintName=NOT_HIST_ORGANENTITAT_FK, referencedTableName=NOT_ENTITAT","","","4.4.3","()","","2306004813"
"init-constraint-40","limit (generated)","db/changelog/initial_schema_constraint.yaml","2021-09-22T12:20:05.609","83","EXECUTED","8:c3a92ee58456aa1d4a000081a6e7a232","addForeignKeyConstraint baseTableName=NOT_HIST_ORGAN, constraintName=NOT_HIST_ORGAN_ORGAN_FK, referencedTableName=NOT_ORGAN_GESTOR","","","4.4.3","()","","2306004813"
"init-constraint-41","limit (generated)","db/changelog/initial_schema_constraint.yaml","2021-09-22T12:20:05.613","84","EXECUTED","8:3ee4d7598cff1a412c2735cd63ec6f5e","addForeignKeyConstraint baseTableName=NOT_HIST_PROCEDIMENT, constraintName=NOT_HIST_PROC_ENTITAT_FK, referencedTableName=NOT_ENTITAT","","","4.4.3","()","","2306004813"
"init-constraint-42","limit (generated)","db/changelog/initial_schema_constraint.yaml","2021-09-22T12:20:05.617","85","EXECUTED","8:24293c57c7a4d3f779b3c56d697eedda","addForeignKeyConstraint baseTableName=NOT_HIST_PROCEDIMENT, constraintName=NOT_HIST_PROC_ORGAN_FK, referencedTableName=NOT_ORGAN_GESTOR","","","4.4.3","()","","2306004813"
"init-constraint-43","limit (generated)","db/changelog/initial_schema_constraint.yaml","2021-09-22T12:20:05.622","86","EXECUTED","8:2ba433d58cfcde94a4642a92c7cee677","addForeignKeyConstraint baseTableName=NOT_HIST_PROCEDIMENT, constraintName=NOT_HIST_PROC_PROCEDIMENT_FK, referencedTableName=NOT_PROCEDIMENT","","","4.4.3","()","","2306004813"
"init-constraint-44","limit (generated)","db/changelog/initial_schema_constraint.yaml","2021-09-22T12:20:05.627","87","EXECUTED","8:42364cebfb4acd7906df3a58ee5484c3","addForeignKeyConstraint baseTableName=NOT_NOTIFICACIO_MASSIVA, constraintName=NOT_MASSIVA_ENTITAT_FK, referencedTableName=NOT_ENTITAT","","","4.4.3","()","","2306004813"
"init-constraint-45","limit (generated)","db/changelog/initial_schema_constraint.yaml","2021-09-22T12:20:05.631","88","EXECUTED","8:63023c062ef8d5947642f6adfde6127e","addForeignKeyConstraint baseTableName=NOT_NOTIFICACIO_MASSIVA, constraintName=NOT_MASSIVA_PAGADOR_POSTAL_FK, referencedTableName=NOT_PAGADOR_POSTAL","","","4.4.3","()","","2306004813"
"init-constraint-46","limit (generated)","db/changelog/initial_schema_constraint.yaml","2021-09-22T12:20:05.636","89","EXECUTED","8:28040927b1f9cbd7434f9f97cc5ad112","addForeignKeyConstraint baseTableName=NOT_NOTIFICACIO_EVENT, constraintName=NOT_NOTENV_NOTEVE_FK, referencedTableName=NOT_NOTIFICACIO_ENV","","","4.4.3","()","","2306004813"
"init-constraint-47","limit (generated)","db/changelog/initial_schema_constraint.yaml","2021-09-22T12:20:05.64","90","EXECUTED","8:003d0ee946359053a73a25e3e0c1ae2a","addForeignKeyConstraint baseTableName=NOT_NOTIFICACIO_ENV, constraintName=NOT_NOTEVE_NOTERR_NOTENV_FK, referencedTableName=NOT_NOTIFICACIO_EVENT","","","4.4.3","()","","2306004813"
"init-constraint-48","limit (generated)","db/changelog/initial_schema_constraint.yaml","2021-09-22T12:20:05.645","91","EXECUTED","8:2c707c03f72e18528b4814864402de56","addForeignKeyConstraint baseTableName=NOT_NOTIFICACIO_ENV, constraintName=NOT_NOTIFENV_USRCREATE_FK, referencedTableName=NOT_USUARI","","","4.4.3","()","","2306004813"
"init-constraint-49","limit (generated)","db/changelog/initial_schema_constraint.yaml","2021-09-22T12:20:05.649","92","EXECUTED","8:7ef1e21ddca1d27cf622f5cde310ed75","addForeignKeyConstraint baseTableName=NOT_NOTIFICACIO_ENV, constraintName=NOT_NOTIFENV_USRMODIF_FK, referencedTableName=NOT_USUARI","","","4.4.3","()","","2306004813"
"init-constraint-50","limit (generated)","db/changelog/initial_schema_constraint.yaml","2021-09-22T12:20:05.654","93","EXECUTED","8:fb6f916aa3354d8dc9c8dfe328051b2b","addForeignKeyConstraint baseTableName=NOT_NOTIFICACIO_EVENT, constraintName=NOT_NOTIFEVENT_USRCREATE_FK, referencedTableName=NOT_USUARI","","","4.4.3","()","","2306004813"
"init-constraint-51","limit (generated)","db/changelog/initial_schema_constraint.yaml","2021-09-22T12:20:05.658","94","EXECUTED","8:e4de596c5c5342bed5a115c0ea0e4c38","addForeignKeyConstraint baseTableName=NOT_NOTIFICACIO_EVENT, constraintName=NOT_NOTIFEVENT_USRMODIF_FK, referencedTableName=NOT_USUARI","","","4.4.3","()","","2306004813"
"init-constraint-52","limit (generated)","db/changelog/initial_schema_constraint.yaml","2021-09-22T12:20:05.663","95","EXECUTED","8:f845fa92f0f92f23506263e681bc3d48","addForeignKeyConstraint baseTableName=NOT_NOTIFICACIO_ENV, constraintName=NOT_NOTIFICACIO_NOTENV_FK, referencedTableName=NOT_NOTIFICACIO","","","4.4.3","()","","2306004813"
"init-constraint-53","limit (generated)","db/changelog/initial_schema_constraint.yaml","2021-09-22T12:20:05.666","96","EXECUTED","8:4dd2fe902ab33cb2858b3fdaf4eb3483","addForeignKeyConstraint baseTableName=NOT_NOTIFICACIO, constraintName=NOT_NOTIFICACIO_USRCREATE_FK, referencedTableName=NOT_USUARI","","","4.4.3","()","","2306004813"
"init-constraint-54","limit (generated)","db/changelog/initial_schema_constraint.yaml","2021-09-22T12:20:05.671","97","EXECUTED","8:be86adf4e91c1a4e323c05e233cb6d79","addForeignKeyConstraint baseTableName=NOT_NOTIFICACIO, constraintName=NOT_NOTIFICACIO_USRMODIF_FK, referencedTableName=NOT_USUARI","","","4.4.3","()","","2306004813"
"init-constraint-55","limit (generated)","db/changelog/initial_schema_constraint.yaml","2021-09-22T12:20:05.675","98","EXECUTED","8:0a407b34e4f0c68c50f0452ac5f83efa","addForeignKeyConstraint baseTableName=NOT_NOTIFICACIO_EVENT, constraintName=NOT_NOTIFI_NOTEVE_FK, referencedTableName=NOT_NOTIFICACIO","","","4.4.3","()","","2306004813"
"init-constraint-56","limit (generated)","db/changelog/initial_schema_constraint.yaml","2021-09-22T12:20:05.679","99","EXECUTED","8:62b1b0871f7bc8c30cd7e959bd6e728f","addForeignKeyConstraint baseTableName=NOT_NOTIFICACIO, constraintName=NOT_NOT_ORGAN_FK, referencedTableName=NOT_ORGAN_GESTOR","","","4.4.3","()","","2306004813"
"init-constraint-57","limit (generated)","db/changelog/initial_schema_constraint.yaml","2021-09-22T12:20:05.684","100","EXECUTED","8:61576dbaefcdc5d37e1a22bdaadccddc","addForeignKeyConstraint baseTableName=NOT_ORGAN_GESTOR, constraintName=NOT_ORGAN_ENTITAT_FK, referencedTableName=NOT_ENTITAT","","","4.4.3","()","","2306004813"
"init-constraint-58","limit (generated)","db/changelog/initial_schema_constraint.yaml","2021-09-22T12:20:05.688","101","EXECUTED","8:0b909bbfedf3aa806aa0f58dbd78901f","addForeignKeyConstraint baseTableName=NOT_ORGAN_GESTOR, constraintName=NOT_ORGAN_ENTREGA_CIE_FK, referencedTableName=NOT_ENTREGA_CIE","","","4.4.3","()","","2306004813"
"init-constraint-59","limit (generated)","db/changelog/initial_schema_constraint.yaml","2021-09-22T12:20:05.692","102","EXECUTED","8:68359bc19ec9804e9686a3a1ef4053f3","addForeignKeyConstraint baseTableName=NOT_PRO_ORGAN, constraintName=NOT_ORGAN_PRO_FK, referencedTableName=NOT_PROCEDIMENT","","","4.4.3","()","","2306004813"
"init-constraint-60","limit (generated)","db/changelog/initial_schema_constraint.yaml","2021-09-22T12:20:05.697","103","EXECUTED","8:06176c77314ae97bbecd7d49bede9bb3","addForeignKeyConstraint baseTableName=NOT_PAGADOR_CIE, constraintName=NOT_PAGADORCIE_USRCREATE_FK, referencedTableName=NOT_USUARI","","","4.4.3","()","","2306004813"
"init-constraint-61","limit (generated)","db/changelog/initial_schema_constraint.yaml","2021-09-22T12:20:05.701","104","EXECUTED","8:4e26af2ba7db9393c237f014d3edeacd","addForeignKeyConstraint baseTableName=NOT_PAGADOR_CIE, constraintName=NOT_PAGADOR_CIE_ENTITAT_FK, referencedTableName=NOT_ENTITAT","","","4.4.3","()","","2306004813"
"init-constraint-62","limit (generated)","db/changelog/initial_schema_constraint.yaml","2021-09-22T12:20:05.705","105","EXECUTED","8:964a38c362e65d55a02e2dddad8968ab","addForeignKeyConstraint baseTableName=NOT_NOTIFICACIO, constraintName=NOT_PAGADOR_CIE_NOT_FK, referencedTableName=NOT_PAGADOR_CIE","","","4.4.3","()","","2306004813"
"init-constraint-63","limit (generated)","db/changelog/initial_schema_constraint.yaml","2021-09-22T12:20:05.71","106","EXECUTED","8:b5b7e4f21016b8ab4e44bf6c16c62607","addForeignKeyConstraint baseTableName=NOT_PAGADOR_CIE, constraintName=NOT_PAGADOR_CIE_USRMODIF_FK, referencedTableName=NOT_USUARI","","","4.4.3","()","","2306004813"
"init-constraint-64","limit (generated)","db/changelog/initial_schema_constraint.yaml","2021-09-22T12:20:05.714","107","EXECUTED","8:e2a7ac5c401f802a0e2948363091fab6","addForeignKeyConstraint baseTableName=NOT_PAGADOR_POSTAL, constraintName=NOT_PAGADOR_POSTAL_ENTITAT_FK, referencedTableName=NOT_ENTITAT","","","4.4.3","()","","2306004813"
"init-constraint-65","limit (generated)","db/changelog/initial_schema_constraint.yaml","2021-09-22T12:20:05.718","108","EXECUTED","8:91e2a25d426e570d6d7e1111745cf2a5","addForeignKeyConstraint baseTableName=NOT_NOTIFICACIO, constraintName=NOT_PAGADOR_POSTAL_NOT_FK, referencedTableName=NOT_PAGADOR_POSTAL","","","4.4.3","()","","2306004813"
"init-constraint-66","limit (generated)","db/changelog/initial_schema_constraint.yaml","2021-09-22T12:20:05.723","109","EXECUTED","8:be4f4bf39b0c29701203e7607913e56d","addForeignKeyConstraint baseTableName=NOT_PAGADOR_CIE, constraintName=NOT_PAGCIE_ORGAN_FK, referencedTableName=NOT_ORGAN_GESTOR","","","4.4.3","()","","2306004813"
"init-constraint-67","limit (generated)","db/changelog/initial_schema_constraint.yaml","2021-09-22T12:20:05.727","110","EXECUTED","8:e370490e658eba5bd6e89e6a032c1a35","addForeignKeyConstraint baseTableName=NOT_PAGADOR_POSTAL, constraintName=NOT_PAGPOSTAL_ORGAN_FK, referencedTableName=NOT_ORGAN_GESTOR","","","4.4.3","()","","2306004813"
"init-constraint-68","limit (generated)","db/changelog/initial_schema_constraint.yaml","2021-09-22T12:20:05.732","111","EXECUTED","8:e11607821cde8128deaceadf0011f483","addForeignKeyConstraint baseTableName=NOT_PAGADOR_POSTAL, constraintName=NOT_PAGPOSTAL_USRCREATE_FK, referencedTableName=NOT_USUARI","","","4.4.3","()","","2306004813"
"init-constraint-69","limit (generated)","db/changelog/initial_schema_constraint.yaml","2021-09-22T12:20:05.736","112","EXECUTED","8:e058b988c1a8b95ede73cbeb0d2d57b4","addForeignKeyConstraint baseTableName=NOT_PAGADOR_POSTAL, constraintName=NOT_PAGPOSTAL_USRMODIF_FK, referencedTableName=NOT_USUARI","","","4.4.3","()","","2306004813"
"init-constraint-70","limit (generated)","db/changelog/initial_schema_constraint.yaml","2021-09-22T12:20:05.741","113","EXECUTED","8:7692b5b5829c2c2b53b6073c10e1ab2b","addForeignKeyConstraint baseTableName=NOT_NOTIFICACIO_ENV, constraintName=NOT_PERSONA_NOTIFICACIO_ENV_FK, referencedTableName=NOT_PERSONA","","","4.4.3","()","","2306004813"
"init-constraint-71","limit (generated)","db/changelog/initial_schema_constraint.yaml","2021-09-22T12:20:05.764","114","EXECUTED","8:a1c1f9d09d17c31f2f36a385f612cb6b","addForeignKeyConstraint baseTableName=NOT_PERSONA, constraintName=NOT_PERSONA_NOT_FK, referencedTableName=NOT_NOTIFICACIO_ENV","","","4.4.3","()","","2306004813"
"init-constraint-72","limit (generated)","db/changelog/initial_schema_constraint.yaml","2021-09-22T12:20:05.769","115","EXECUTED","8:108eb45bc60444d973f9c45fb1c95bd6","addForeignKeyConstraint baseTableName=NOT_PERSONA, constraintName=NOT_PERSONA_USRCREATE_FK, referencedTableName=NOT_USUARI","","","4.4.3","()","","2306004813"
"init-constraint-73","limit (generated)","db/changelog/initial_schema_constraint.yaml","2021-09-22T12:20:05.774","116","EXECUTED","8:fea1c20ca35b5a6c695e90564b597215","addForeignKeyConstraint baseTableName=NOT_PERSONA, constraintName=NOT_PERSONA_USRMODIF_FK, referencedTableName=NOT_USUARI","","","4.4.3","()","","2306004813"
"init-constraint-74","limit (generated)","db/changelog/initial_schema_constraint.yaml","2021-09-22T12:20:05.779","117","EXECUTED","8:82ebdc01a37585c6e822f4ee17618a22","addForeignKeyConstraint baseTableName=NOT_PROCEDIMENT, constraintName=NOT_PROCEDIMENT_ENTREGA_CIE_FK, referencedTableName=NOT_ENTREGA_CIE","","","4.4.3","()","","2306004813"
"init-constraint-75","limit (generated)","db/changelog/initial_schema_constraint.yaml","2021-09-22T12:20:05.784","118","EXECUTED","8:7ea83b95490acc284b82061c4bc4ee2f","addForeignKeyConstraint baseTableName=NOT_NOTIFICACIO, constraintName=NOT_PROCEDIMENT_NOT_FK, referencedTableName=NOT_PROCEDIMENT","","","4.4.3","()","","2306004813"
"init-constraint-76","limit (generated)","db/changelog/initial_schema_constraint.yaml","2021-09-22T12:20:05.789","119","EXECUTED","8:5099d1fa42994a8114d29f1bf8c78371","addForeignKeyConstraint baseTableName=NOT_NOTIFICACIO, constraintName=NOT_PROCORGAN_NOT_FK, referencedTableName=NOT_PRO_ORGAN","","","4.4.3","()","","2306004813"
"init-constraint-77","limit (generated)","db/changelog/initial_schema_constraint.yaml","2021-09-22T12:20:05.794","120","EXECUTED","8:b540ee5bcb685d468e21bc28da4200a8","addForeignKeyConstraint baseTableName=NOT_PROCEDIMENT, constraintName=NOT_PROC_USRCREATE_FK, referencedTableName=NOT_USUARI","","","4.4.3","()","","2306004813"
"init-constraint-78","limit (generated)","db/changelog/initial_schema_constraint.yaml","2021-09-22T12:20:05.799","121","EXECUTED","8:2bd2c73145fe45fafc57d6212246e6f3","addForeignKeyConstraint baseTableName=NOT_PROCEDIMENT, constraintName=NOT_PROC_USRMODIF_FK, referencedTableName=NOT_USUARI","","","4.4.3","()","","2306004813"
"init-constraint-79","limit (generated)","db/changelog/initial_schema_constraint.yaml","2021-09-22T12:20:05.803","122","EXECUTED","8:e750da3e056a113d6c5f1dc8181e8116","addForeignKeyConstraint baseTableName=NOT_PRO_GRUP, constraintName=NOT_PROGRUP_USRCREATE_FK, referencedTableName=NOT_USUARI","","","4.4.3","()","","2306004813"
"init-constraint-80","limit (generated)","db/changelog/initial_schema_constraint.yaml","2021-09-22T12:20:05.809","123","EXECUTED","8:14586eeda11f98e31abed2191e394825","addForeignKeyConstraint baseTableName=NOT_PRO_GRUP, constraintName=NOT_PROGRUP_USRMODIF_FK, referencedTableName=NOT_USUARI","","","4.4.3","()","","2306004813"
"init-constraint-81","limit (generated)","db/changelog/initial_schema_constraint.yaml","2021-09-22T12:20:05.814","124","EXECUTED","8:446e0d37f9019572eceb1140cd26a2ed","addForeignKeyConstraint baseTableName=NOT_PRO_GRUP, constraintName=NOT_PRO_GRUP_FK, referencedTableName=NOT_PROCEDIMENT","","","4.4.3","()","","2306004813"
"init-constraint-82","limit (generated)","db/changelog/initial_schema_constraint.yaml","2021-09-22T12:20:05.82","125","EXECUTED","8:56977d176168b79791dc40291c455935","addForeignKeyConstraint baseTableName=NOT_PRO_ORGAN, constraintName=NOT_PRO_ORGAN_FK, referencedTableName=NOT_ORGAN_GESTOR","","","4.4.3","()","","2306004813"
"init-constraint-83","limit (generated)","db/changelog/initial_schema_constraint.yaml","2021-09-22T12:20:05.825","126","EXECUTED","8:aee54f8ac726f3c8b61a7f79ca36379b","addForeignKeyConstraint baseTableName=NOT_FORMATS_FULLA, constraintName=NOT_FORMATFULLA_USRMODIF_FK, referencedTableName=NOT_USUARI","","","4.4.3","()","","2306004813"
"init-constraint-84","limit (generated)","db/changelog/initial_schema_constraint.yaml","2021-09-22T12:20:05.831","127","EXECUTED","8:667e755fcdfa2353d55aee06112af334","addForeignKeyConstraint baseTableName=NOT_FORMATS_SOBRE, constraintName=NOT_FORMATSOBRE_USRCREATE_FK, referencedTableName=NOT_USUARI","","","4.4.3","()","","2306004813"
"init-index-1","limit (generated)","db/changelog/initial_schema_index.yaml","2021-09-22T12:20:05.836","128","EXECUTED","8:34361a59ea37260e354abc37e8cc8304","createIndex indexName=NOT_ORGAN_GESTOR_I, tableName=NOT_ORGAN_GESTOR","","","4.4.3","()","","2306004813"
"init-index-2","limit (generated)","db/changelog/initial_schema_index.yaml","2021-09-22T12:20:05.842","129","EXECUTED","8:eef0110937144102686b4331e482e58e","createIndex indexName=NOT_ENTITAT_UK, tableName=NOT_ENTITAT","","","4.4.3","()","","2306004813"
"init-index-3","limit (generated)","db/changelog/initial_schema_index.yaml","2021-09-22T12:20:05.847","130","EXECUTED","8:d4819cfd3b87d5bd970d8ff7cc42ba46","createIndex indexName=NOT_APLICACIO_AUDIT_EK, tableName=NOT_APLICACIO_AUDIT","","","4.4.3","()","","2306004813"
"init-index-4","limit (generated)","db/changelog/initial_schema_index.yaml","2021-09-22T12:20:05.852","131","EXECUTED","8:d499c538b0eb1623cb4ff1df591f466f","createIndex indexName=NOT_AVIS_DATA_FINAL_I, tableName=NOT_AVIS","","","4.4.3","()","","2306004813"
"init-index-5","limit (generated)","db/changelog/initial_schema_index.yaml","2021-09-22T12:20:05.857","132","EXECUTED","8:124ae07c5dacc5bf5284918894e5f0cf","createIndex indexName=NOT_AVIS_DATA_INICI_I, tableName=NOT_AVIS","","","4.4.3","()","","2306004813"
"init-index-6","limit (generated)","db/changelog/initial_schema_index.yaml","2021-09-22T12:20:05.862","133","EXECUTED","8:2399dbb85638654c26448b042d657500","createIndex indexName=NOT_ENTITAT_AUDIT_EK, tableName=NOT_ENTITAT_AUDIT","","","4.4.3","()","","2306004813"
"init-index-7","limit (generated)","db/changelog/initial_schema_index.yaml","2021-09-22T12:20:05.868","134","EXECUTED","8:10f35a1b98eb0c7a746f4c61e9996e30","createIndex indexName=NOT_ENTITAT_EK, tableName=NOT_NOTIFICACIO_MASSIVA","","","4.4.3","()","","2306004813"
"init-index-8","limit (generated)","db/changelog/initial_schema_index.yaml","2021-09-22T12:20:05.873","135","EXECUTED","8:adc56be3a993780e3c4108d54cbf5a18","createIndex indexName=NOT_ENTITAT_ENTREGA_CIE_EK, tableName=NOT_ENTITAT","","","4.4.3","()","","2306004813"
"init-index-9","limit (generated)","db/changelog/initial_schema_index.yaml","2021-09-22T12:20:05.877","136","EXECUTED","8:0fce851bac9008d1c174f484f6dfbf90","createIndex indexName=NOT_ENTREGA_CIE_CIE_EK, tableName=NOT_ENTREGA_CIE","","","4.4.3","()","","2306004813"
"init-index-10","limit (generated)","db/changelog/initial_schema_index.yaml","2021-09-22T12:20:05.882","137","EXECUTED","8:8e922bfe92b2570ad2a9e5b9abc3ef29","createIndex indexName=NOT_ENTREGA_CIE_OPERADOR_EK, tableName=NOT_ENTREGA_CIE","","","4.4.3","()","","2306004813"
"init-index-11","limit (generated)","db/changelog/initial_schema_index.yaml","2021-09-22T12:20:05.887","138","EXECUTED","8:1ee76cb75c60b9516d4a5946c6ac82df","createIndex indexName=NOT_GRUP_AUDIT_EK, tableName=NOT_GRUP_AUDIT","","","4.4.3","()","","2306004813"
"init-index-12","limit (generated)","db/changelog/initial_schema_index.yaml","2021-09-22T12:20:05.891","139","EXECUTED","8:b1ed1e8cb26aa21c2eb4de59d8bf08d6","createIndex indexName=NOT_NOTIFICACIO_AUDIT_EK, tableName=NOT_NOTIFICACIO_AUDIT","","","4.4.3","()","","2306004813"
"init-index-13","limit (generated)","db/changelog/initial_schema_index.yaml","2021-09-22T12:20:05.896","140","EXECUTED","8:f94b3ce3a9261e0ec60043bdbc62d8b4","createIndex indexName=NOT_NOTIFICACIO_ENV_AUDIT_EK, tableName=NOT_NOTIFICACIO_ENV_AUDIT","","","4.4.3","()","","2306004813"
"init-index-14","limit (generated)","db/changelog/initial_schema_index.yaml","2021-09-22T12:20:05.901","141","EXECUTED","8:7dabe4a031b36bab74d52b20d78a9ac6","createIndex indexName=NOT_NOTIFICACIO_ENV_DOM_EK, tableName=NOT_NOTIFICACIO_ENV","","","4.4.3","()","","2306004813"
"init-index-15","limit (generated)","db/changelog/initial_schema_index.yaml","2021-09-22T12:20:05.906","142","EXECUTED","8:8a90713a8eb0703898da5fd25316a2d1","createIndex indexName=NOT_NOTIF_ESTAT_I, tableName=NOT_NOTIFICACIO","","","4.4.3","()","","2306004813"
"init-index-16","limit (generated)","db/changelog/initial_schema_index.yaml","2021-09-22T12:20:05.911","143","EXECUTED","8:babc0e85eba9bb8cac32536f6881f19c","createIndex indexName=NOT_NOTIF_ORGAN_FK_I, tableName=NOT_NOTIFICACIO","","","4.4.3","()","","2306004813"
"init-index-17","limit (generated)","db/changelog/initial_schema_index.yaml","2021-09-22T12:20:05.916","144","EXECUTED","8:299796e10e655ad63a8ca9bb723ba4e8","createIndex indexName=NOT_NOTIF_PROCEDIMENT_FK_I, tableName=NOT_NOTIFICACIO","","","4.4.3","()","","2306004813"
"init-index-18","limit (generated)","db/changelog/initial_schema_index.yaml","2021-09-22T12:20:05.92","145","EXECUTED","8:b3aa8f0758886ab769c5284d138ae172","createIndex indexName=NOT_NOTIF_PROCOD_I, tableName=NOT_NOTIFICACIO","","","4.4.3","()","","2306004813"
"init-index-19","limit (generated)","db/changelog/initial_schema_index.yaml","2021-09-22T12:20:05.925","146","EXECUTED","8:49751446d6e3ba85bd86431c6e15a763","createIndex indexName=NOT_NOTIF_PROORGAN_FK_I, tableName=NOT_NOTIFICACIO","","","4.4.3","()","","2306004813"
"init-index-20","limit (generated)","db/changelog/initial_schema_index.yaml","2021-09-22T12:20:05.93","147","EXECUTED","8:4d587f320c136e41956d7d4ff950ea72","createIndex indexName=NOT_NOTIF_USUARI_I, tableName=NOT_NOTIFICACIO","","","4.4.3","()","","2306004813"
"init-index-21","limit (generated)","db/changelog/initial_schema_index.yaml","2021-09-22T12:20:05.935","148","EXECUTED","8:c5bff97a92c6fa73a958fdb43b953616","createIndex indexName=NOT_NOT_TABLE_NOT_MASSIVA_EK, tableName=NOT_NOTIFICACIO_TABLE","","","4.4.3","()","","2306004813"
"init-index-22","limit (generated)","db/changelog/initial_schema_index.yaml","2021-09-22T12:20:05.94","149","EXECUTED","8:eedbf1dbad2a29c8c1a54b43017979b7","createIndex indexName=NOT_ORGAN_EK, tableName=NOT_PRO_ORGAN","","","4.4.3","()","","2306004813"
"init-index-23","limit (generated)","db/changelog/initial_schema_index.yaml","2021-09-22T12:20:05.945","150","EXECUTED","8:db5de800bd4e98a25f1780f9cab33f29","createIndex indexName=NOT_ORGAN_ENTITAT_FK_I, tableName=NOT_ORGAN_GESTOR","","","4.4.3","()","","2306004813"
"init-index-24","limit (generated)","db/changelog/initial_schema_index.yaml","2021-09-22T12:20:05.95","151","EXECUTED","8:a9c0c2b22cde64f35ff1cedf58c0b723","createIndex indexName=NOT_ORGAN_ENTREGA_CIE_EK, tableName=NOT_ORGAN_GESTOR","","","4.4.3","()","","2306004813"
"init-index-25","limit (generated)","db/changelog/initial_schema_index.yaml","2021-09-22T12:20:05.955","152","EXECUTED","8:c7e979ed1e27f78abc48c4a63d46a6a8","createIndex indexName=NOT_PAGADOR_EK, tableName=NOT_NOTIFICACIO_MASSIVA","","","4.4.3","()","","2306004813"
"init-index-26","limit (generated)","db/changelog/initial_schema_index.yaml","2021-09-22T12:20:05.96","153","EXECUTED","8:7905a3a4ba632576dce183b0163bc515","createIndex indexName=NOT_PROCEDIMENT_AUDIT_EK, tableName=NOT_PROCEDIMENT_AUDIT","","","4.4.3","()","","2306004813"
"init-index-27","limit (generated)","db/changelog/initial_schema_index.yaml","2021-09-22T12:20:05.965","154","EXECUTED","8:95b1d5bb40b5b00c5775c6f4dcab8348","createIndex indexName=NOT_PROCEDIMENT_EK, tableName=NOT_PRO_ORGAN","","","4.4.3","()","","2306004813"
"init-index-28","limit (generated)","db/changelog/initial_schema_index.yaml","2021-09-22T12:20:05.97","155","EXECUTED","8:40dbef82e1fad066deea1121614cabfd","createIndex indexName=NOT_PROCEDIMENT_ENTREGA_CIE_EK, tableName=NOT_PROCEDIMENT","","","4.4.3","()","","2306004813"
"init-index-29","limit (generated)","db/changelog/initial_schema_index.yaml","2021-09-22T12:20:05.975","156","EXECUTED","8:4ff9fee71b7ab7bb2fe443bae1fd39bb","createIndex indexName=NOT_PRO_GRUP_AUDIT_EK, tableName=NOT_PRO_GRUP_AUDIT","","","4.4.3","()","","2306004813"
"init-sequence-1","limit (generated)","db/changelog/initial_schema_sequence.yaml","2021-09-22T12:20:05.98","157","EXECUTED","8:03f065d82a8cdcc8e937e5911b2ff853","createSequence sequenceName=NOT_ACL_SID_SEQ","","","4.4.3","()","","2306004813"
"init-sequence-2","limit (generated)","db/changelog/initial_schema_sequence.yaml","2021-09-22T12:20:05.984","158","EXECUTED","8:16e77acdb0d04777ac1d1dab460e10ac","createSequence sequenceName=NOT_ACL_OBJECT_IDENTITY_SEQ","","","4.4.3","()","","2306004813"
"init-sequence-3","limit (generated)","db/changelog/initial_schema_sequence.yaml","2021-09-22T12:20:05.99","159","EXECUTED","8:299a902e817095f0080019b3e66a4040","createSequence sequenceName=NOT_ACL_ENTRY_SEQ","","","4.4.3","()","","2306004813"
"init-sequence-4","limit (generated)","db/changelog/initial_schema_sequence.yaml","2021-09-22T12:20:05.995","160","EXECUTED","8:0c1ede510344a6aa1bef2705a67b9ae9","createSequence sequenceName=NOT_ACL_CLASS_SEQ","","","4.4.3","()","","2306004813"
"init-sequence-5","limit (generated)","db/changelog/initial_schema_sequence.yaml","2021-09-22T12:20:06","161","EXECUTED","8:5bee1c127ebd656e8021a4cb4f2af0eb","createSequence sequenceName=EVENT_IDENTIFIERS","","","4.4.3","()","","2306004813"
"init-sequence-6","limit (generated)","db/changelog/initial_schema_sequence.yaml","2021-09-22T12:20:06.005","162","EXECUTED","8:028aca4adf5c9265f4aeef55c9a489fb","createSequence sequenceName=NOT_HIBERNATE_SEQ","","","4.4.3","()","","2306004813"
"init-sequence-7","limit (generated)","db/changelog/initial_schema_sequence.yaml","2021-09-22T12:20:06.01","163","EXECUTED","8:ab28aa877b80f12adc1f9d3948b85ac7","createSequence sequenceName=HIBERNATE_SEQUENCE","","","4.4.3","()","","2306004813"
"init-trigger-1","limit (generated)","db/changelog/initial_schema_trigger.yaml","2021-09-22T12:20:06.121","164","EXECUTED","8:b80c6f11dad00a6292ea292563b4d857","sql; sql; sql; sql","","","4.4.3","()","","2306004813"
"lob-1","limit (generated)","db/changelog/initial_schema_lob.yaml","2021-09-22T12:20:06.126","165","EXECUTED","8:447070eb0f9b7ba83840ae58ff969dbc","sql","","","4.4.3","caib","","2306004813"
"lob-2","limit (generated)","db/changelog/initial_schema_lob.yaml","2021-09-22T12:20:06.132","166","EXECUTED","8:d3c7e161ca55992b0163e178a54da003","sql","","","4.4.3","caib","","2306004813"
"init-grant-1","limit (generated)","db/changelog/initial_schema_grant.yaml","2021-09-22T12:20:06.145","167","EXECUTED","8:9453ba03e7e4029ea58690c4d6e199a7","sql","","","4.4.3","caib","","2306004813"
"init-inserts-1","limit","db/changelog/initial_schema_inserts.yaml","2021-09-22T12:20:06.178","168","EXECUTED","8:d7da7c48a6f38d3f58deb0bfa0154b3a","sql","","","4.4.3","()","","2306004813"
"init-inserts-2","limit","db/changelog/initial_schema_inserts.yaml","2021-09-22T12:20:06.189","169","EXECUTED","8:9cb109b7b8a8d3a155b87d76cd21329c","sql","","","4.4.3","()","","2306004813"
"init-inserts-3","limit","db/changelog/initial_schema_inserts.yaml","2021-09-22T12:20:06.194","170","EXECUTED","8:0b1b6df9ec3d89b7ead7268a4f203f89","sql","","","4.4.3","()","","2306004813"
"1634114082437-1","limit","db/changelog/changes/1.1.13.1/649.yaml","2021-10-13T12:15:57.791","171","EXECUTED","8:e5507c3d3b7ef3c6010843afe80de62f","addColumn tableName=not_notificacio_massiva; sql","","","4.4.3","()","","4120157525"
"1634569326780-1","limit","db/changelog/changes/1.1.14/557.yaml","2021-10-29T18:30:23.777","172","EXECUTED","8:aa0c59478b11780c73370f35e19aed07","addColumn tableName=not_procediment; addColumn tableName=not_notificacio_table; addColumn tableName=not_notificacio_env_table; sql","","","4.4.3","()","","5525023452"
"1634569326780-2","limit","db/changelog/changes/1.1.14/644.yaml","2021-10-29T18:30:23.794","173","EXECUTED","8:6ac00fd9537a080416a27d6bf360c9e1","addColumn tableName=not_notificacio; addColumn tableName=not_notificacio_table; addColumn tableName=not_notificacio_audit; sql",,"","4.4.3","()","","5525023452"
